track_name,artist,tempo,energy,danceability,acousticness,cluster,playlist
Song 124,Artist 20,104.1290582894749,0.2223625103498881,0.232182517767836,0.8267737329422163,2,Acoustic Lounge
Song 316,Artist 37,117.60937323562985,0.3731116705648873,0.2233057074630965,1.0,2,Acoustic Lounge
Song 020,Artist 10,100.30597659797276,0.2511244706854919,0.3432671993015318,0.9746531176029944,2,Acoustic Lounge
Song 220,Artist 36,112.35583092428374,0.2836947806535637,0.3568783335385255,0.7895730901909251,2,Acoustic Lounge
Song 108,Artist 26,105.91520178173208,0.3022699385796817,0.2948895125046577,0.9129592418835796,2,Acoustic Lounge
Song 300,Artist 5,109.27796398247132,0.2895091926450005,0.2525956147248412,0.8267602980445152,2,Acoustic Lounge
Song 068,Artist 9,113.63828013698188,0.2204327299189395,0.2944808088754037,0.8247101489296051,2,Acoustic Lounge
Song 184,Artist 41,93.37920487265713,0.0595010995926522,0.1324339362081739,0.9329109946576668,2,Acoustic Lounge
Song 152,Artist 10,113.1677586720079,0.3062576681123338,0.4126552507708675,0.8778677081362716,2,Acoustic Lounge
Song 244,Artist 7,105.08505626723154,0.3215439027624064,0.3162327548723758,0.8643945063359033,2,Acoustic Lounge
Song 188,Artist 48,124.0506021406447,0.5168221475051649,0.4578321924030972,0.9206701350346508,2,Acoustic Lounge
Song 088,Artist 55,112.99563104809225,0.291344719454495,0.3631758263599143,0.9438241432058684,2,Acoustic Lounge
Song 240,Artist 50,89.07205740278472,0.1678409811953055,0.3204107441498222,1.0,2,Acoustic Lounge
Song 120,Artist 11,99.61228682382256,0.3533031394660207,0.0845165725589575,0.8513434224895832,2,Acoustic Lounge
Song 144,Artist 21,101.62674837931492,0.2372197107033231,0.3553731090271705,0.7569328394492782,2,Acoustic Lounge
Song 084,Artist 29,110.54116501324091,0.4594887790311476,0.281535448002056,0.7296477707933486,2,Acoustic Lounge
Song 040,Artist 10,120.79091256410436,0.2643992452216094,0.2893225506501105,0.9585826139602543,2,Acoustic Lounge
Song 148,Artist 38,95.97576905207488,0.2191893155202506,0.2926571007283391,0.7594347783984483,2,Acoustic Lounge
Song 196,Artist 29,104.87680707070687,0.2301129413992281,0.290692189778283,0.9272017543469784,2,Acoustic Lounge
Song 192,Artist 23,85.63033067294585,0.309991540174858,0.2116182522152729,0.7857700864440589,2,Acoustic Lounge
Song 016,Artist 33,113.57975881257154,0.5168221475051649,0.185188230899587,0.8166712785996519,2,Acoustic Lounge
Song 228,Artist 15,111.1970196548248,0.2805887825073433,0.3284443083579857,0.9709828457328692,2,Acoustic Lounge
Song 044,Artist 8,93.92954317956512,0.1694745682939756,0.357899411522014,0.8905394877140411,2,Acoustic Lounge
Song 052,Artist 25,90.36557998162996,0.1968363687432862,0.3284044503231306,1.0,2,Acoustic Lounge
Song 092,Artist 3,90.1781460255718,0.0399745492136525,0.2389562003860341,1.0,2,Acoustic Lounge
Song 212,Artist 36,75.69405624147224,0.2844597162746544,0.0,0.7576536592594583,2,Acoustic Lounge
Song 160,Artist 25,102.89309985636844,0.1405698168306282,0.159286984691818,0.32429088205171386,2,Acoustic Lounge
Song 168,Artist 51,105.11451291670654,0.2230661766503269,0.2086438884844065,1.0,2,Acoustic Lounge
Song 288,Artist 28,125.03509410401342,0.3241779657816276,0.3152735890628531,0.8860946089895063,2,Acoustic Lounge
Song 208,Artist 31,105.75713287956832,0.2505415012392464,0.3403491659375843,1.0,2,Acoustic Lounge
Song 200,Artist 50,101.88253669177551,0.3444405649489066,0.2391584424886768,0.8437682040524457,2,Acoustic Lounge
Song 180,Artist 15,117.87331111605066,0.3489981685307875,0.2880994209121945,0.805579412113913,2,Acoustic Lounge
Song 308,Artist 50,106.77261366948856,0.2762108275162642,0.4326250253027786,1.0,2,Acoustic Lounge
Song 136,Artist 33,88.14402682615192,0.2984230995935426,0.206912275349304,0.9535276111588264,2,Acoustic Lounge
Song 024,Artist 42,95.66382319990124,0.2315106197919132,0.2144980150580476,0.8960966924099438,2,Acoustic Lounge
Song 236,Artist 44,119.72014566490134,0.2634858172588552,0.3370054726214366,0.9418347913388204,2,Acoustic Lounge
Song 048,Artist 35,105.30631492594418,0.2064247509999779,0.2705094215074235,1.0,2,Acoustic Lounge
Song 264,Artist 49,91.79511015842962,0.3269217157122005,0.2279809473058334,0.9932857914607308,2,Acoustic Lounge
Song 104,Artist 38,93.82615887010392,0.20871922435546,0.2736127572016114,1.0,2,Acoustic Lounge
Song 176,Artist 1,105.442123781042,0.2317377413684007,0.2025815522350541,0.9148948122393072,2,Acoustic Lounge
Song 172,Artist 5,92.2015904235998,0.4013634957370741,0.4556095806797133,1.0,2,Acoustic Lounge
Song 064,Artist 4,93.8956931558552,0.2075627673295046,0.3237345483920867,0.9352466798356244,2,Acoustic Lounge
Song 036,Artist 40,100.00704401460848,0.1433550610224678,0.2131394913990865,0.8574773935464247,2,Acoustic Lounge
Song 284,Artist 16,120.36965653917645,0.3804410321112673,0.2662549779135778,0.967305231843418,2,Acoustic Lounge
Song 268,Artist 4,119.84918786733851,0.1547547054246126,0.1809712980037489,0.8813805869300954,2,Acoustic Lounge
Song 056,Artist 27,134.05067169240408,0.1445590034057192,0.2668575938890772,0.964155555094051,2,Acoustic Lounge
Song 032,Artist 29,112.99563104809225,0.1609415691971322,0.1081158347341821,0.9567711462343836,2,Acoustic Lounge
Song 272,Artist 13,86.89381320019605,0.0475194599843553,0.1924176923131707,1.0,2,Acoustic Lounge
Song 100,Artist 34,115.67222416571984,0.2201660645112471,0.4003133200119639,0.9683377113182472,2,Acoustic Lounge
Song 076,Artist 56,116.55312036106696,0.3047885325001995,0.093783944226171,0.960436672903026,2,Acoustic Lounge
Song 304,Artist 50,102.46037321952218,0.2159974120517555,0.382468029696711,0.7566790896791017,2,Acoustic Lounge
Song 080,Artist 25,107.34400892698696,0.2743308915353553,0.2222989261734556,0.9152471319759647,2,Acoustic Lounge
Song 252,Artist 1,122.71341242267684,0.2411398597922908,0.2780493500840396,0.7202549042389859,2,Acoustic Lounge
Song 004,Artist 27,109.67509342252046,0.1726636783405085,0.3331875705674249,0.8341117399171002,2,Acoustic Lounge
Song 128,Artist 55,107.62035812074382,0.1690274692161021,0.3170859053553698,0.7845177514742211,2,Acoustic Lounge
Song 312,Artist 55,123.6231756139488,0.3042387201675849,0.2835750141614764,0.9875546509999896,2,Acoustic Lounge
Song 320,Artist 26,95.7101083286942,0.1718625912423298,0.1528083076387927,0.953694861154595,2,Acoustic Lounge
Song 008,Artist 3,99.87757270928462,0.176760454457691,0.3554381480317946,1.0,2,Acoustic Lounge
Song 028,Artist 38,107.19996683971765,0.3723268817716393,0.375160012132312,0.965687105914951,2,Acoustic Lounge
Song 232,Artist 41,99.42228654010576,0.322511077531825,0.3609661231823072,0.8345208182869179,2,Acoustic Lounge
Song 060,Artist 4,106.55429327668466,0.2816580767559283,0.304783981282008,0.9300084393091416,2,Acoustic Lounge
Song 216,Artist 13,91.35258347798435,0.2269751135793259,0.2332027115402307,1.0,2,Acoustic Lounge
Song 012,Artist 18,107.89119398689984,0.3068159403254686,0.16885597621299,0.8980328783642699,2,Acoustic Lounge
Song 096,Artist 44,91.1781848462296,0.2853544721433927,0.2063510454758219,0.9774697088463202,2,Acoustic Lounge
Song 296,Artist 28,89.3711565466015,0.2705893026036044,0.3870719645632509,0.9592933823497292,2,Acoustic Lounge
Song 140,Artist 1,100.88361677783791,0.3726378375823007,0.206347255273881,0.688721966907051,2,Acoustic Lounge
Song 072,Artist 32,112.8235034241766,0.2328414048245356,0.4054122384120587,1.0,2,Acoustic Lounge
Song 276,Artist 48,108.27009868789315,0.1786726752587877,0.3023926807193489,0.9870537036138486,2,Acoustic Lounge
Song 260,Artist 58,102.4539183023397,0.1143406917004257,0.2113357770920256,0.843915832147643,2,Acoustic Lounge
Song 204,Artist 6,110.55582088650124,0.1940049069771167,0.388866463054176,1.0,2,Acoustic Lounge
Song 256,Artist 45,105.14527881937568,0.3121093982287611,0.3425778478224727,0.8915754087119431,2,Acoustic Lounge
Song 248,Artist 40,118.03565067808088,0.3256198146424778,0.4338658460717276,0.9028325616312708,2,Acoustic Lounge
Song 132,Artist 44,92.77625687460096,0.2724132510076247,0.4639168965731798,0.7648240851820733,2,Acoustic Lounge
Song 164,Artist 55,112.99563104809225,0.2331096108164393,0.3250329353809164,0.945811908490511,2,Acoustic Lounge
Song 224,Artist 43,97.7071306362634,0.2126974240747727,0.3570519339960368,0.9302993291199956,2,Acoustic Lounge
Song 280,Artist 56,97.0308901070331,0.2771773668267344,0.2347147630192822,0.867151526986321,2,Acoustic Lounge
Song 112,Artist 19,118.6386222981391,0.3305666483774517,0.6054277283003844,0.7797496543959104,2,Acoustic Lounge
Song 116,Artist 1,113.97815408410548,0.3966043252861592,0.2126865432313728,0.32429088205171386,2,Acoustic Lounge
Song 257,Artist 10,88.30195403152732,0.3665652048144409,0.6366391815238157,0.4772645263432128,0,Chill Study
Song 029,Artist 40,66.11236945677149,0.2924223620525227,0.4666081652735028,0.4110190196844232,0,Chill Study
Song 261,Artist 23,96.01741947747146,0.3129425524083815,0.5172775038723881,0.3350796002811705,0,Chill Study
Song 309,Artist 46,74.82561445162318,0.3351814075210443,0.3923111284545726,0.4594183058232312,0,Chill Study
Song 285,Artist 55,78.23355316114555,0.2960225495793021,0.6958063278222446,0.4863698150342962,0,Chill Study
Song 297,Artist 55,76.76190705670341,0.4167826012681541,0.3809810110630683,0.3425233986182286,0,Chill Study
Song 173,Artist 8,91.50625120952655,0.3510847862541643,0.5682517549208002,0.3406528629538017,0,Chill Study
Song 009,Artist 28,69.59843523037472,0.2757966905877884,0.6085533509042231,0.5243254171203442,0,Chill Study
Song 245,Artist 2,77.32921570448723,0.4921266952683468,0.6054277283003844,0.547366351134409,0,Chill Study
Song 017,Artist 49,82.97160744053764,0.3628183162463508,0.6121436818660991,0.4072747353663465,0,Chill Study
Song 253,Artist 16,75.36926575543647,0.2882732591441021,0.6743536834040018,0.4335062224603782,0,Chill Study
Song 201,Artist 44,62.64357930073881,0.3850722534788002,0.6054277283003844,0.4352557510081832,0,Chill Study
Song 109,Artist 16,82.30301358957553,0.2733616529732808,0.6099026712682086,0.558528700444591,0,Chill Study
Song 269,Artist 31,76.97603293388903,0.2914492741634967,0.4893208784447942,0.3787662935587291,0,Chill Study
Song 157,Artist 47,75.54939348809297,0.2572267651755962,0.5448740912907825,0.554917362144135,0,Chill Study
Song 005,Artist 51,77.50074089013746,0.3333623872809265,0.4887163410036453,0.572254133867403,0,Chill Study
Song 133,Artist 18,73.76393393539162,0.3031470428430129,0.6231341158978281,0.32429088205171386,0,Chill Study
Song 301,Artist 29,81.26843470388023,0.2840943156738131,0.6324337272051639,0.4390854848438665,0,Chill Study
Song 077,Artist 43,82.13890285372693,0.4954588713486086,0.3643085550875732,0.3908896574808894,0,Chill Study
Song 277,Artist 13,93.51880120122487,0.4649282748978238,0.4598837710519111,0.6183586209538023,0,Chill Study
Song 033,Artist 57,73.84642739820315,0.2949112880846172,0.5373288202225254,0.5565980230787644,0,Chill Study
Song 153,Artist 16,112.99563104809225,0.3108133274350433,0.5068807146179218,0.5290801721178989,0,Chill Study
Song 025,Artist 8,60.726795768076514,0.3890981279191271,0.571396204209905,0.3905850044303205,0,Chill Study
Song 041,Artist 28,80.19382501363856,0.3130165492249636,0.64956598390539,0.4928756438461613,0,Chill Study
Song 125,Artist 23,69.11202686769082,0.3436387656513135,0.5800865615647943,0.4551142058552161,0,Chill Study
Song 229,Artist 57,56.92046658222557,0.3172005572961984,0.3537810941959474,0.4536059926797796,0,Chill Study
Song 093,Artist 58,79.97790081941852,0.4480295747039713,0.6694917519040923,0.443086206527386,0,Chill Study
Song 317,Artist 25,87.71139006822912,0.3525219968323289,0.5304496457603192,0.4290591172960392,0,Chill Study
Song 037,Artist 33,69.78613320775614,0.425464028336271,0.4687365539721677,0.5431573012874245,0,Chill Study
Song 145,Artist 4,74.0953605053719,0.5163042511660441,0.5343244539575538,0.616788761111952,0,Chill Study
Song 289,Artist 26,56.70802110799983,0.3731876378829044,0.6260934797633669,0.2924380672829385,0,Chill Study
Song 021,Artist 30,77.01514515490577,0.3119031519160261,0.5428253610184242,0.281266556604197,0,Chill Study
Song 089,Artist 37,80.29211374115069,0.397705823504132,0.4865794063417106,0.4320388586168541,0,Chill Study
Song 181,Artist 9,80.17231194810525,0.3318125079149536,0.497989530273011,0.4752884814969899,0,Chill Study
Song 237,Artist 28,76.46314895637983,0.4808645163311712,0.508917597019775,0.5632234572179248,0,Chill Study
Song 217,Artist 48,75.1720425085243,0.3404436262439681,0.570080981656555,0.511681419968978,0,Chill Study
Song 117,Artist 48,76.0865601330494,0.4763439252859901,0.5101717859297035,0.5955045576270711,0,Chill Study
Song 205,Artist 34,68.37081636233312,0.397647206641315,0.672708584087713,0.2619201572025942,0,Chill Study
Song 049,Artist 30,91.37398107442743,0.3360944888675089,0.4873651649496368,0.42761411831195,0,Chill Study
Song 045,Artist 30,76.36557101475488,0.380381709391904,0.6766733675182346,0.4590584906901745,0,Chill Study
Song 233,Artist 51,84.98566345371505,0.3591733298635391,0.4813908887775113,0.364079398142443,0,Chill Study
Song 069,Artist 14,91.0004459469896,0.4024389717788936,0.705908044486895,0.5677411888977694,0,Chill Study
Song 177,Artist 43,65.49684461076853,0.396009963309278,0.5852138193939912,0.2713292488631922,0,Chill Study
Song 313,Artist 52,89.82530741752657,0.3208413702053213,0.5316337436456409,0.4008344385034516,0,Chill Study
Song 169,Artist 54,89.36048683555428,0.2671234641971785,0.6269517391867552,0.5139626409497902,0,Chill Study
Song 305,Artist 18,74.20313474857439,0.3839253007125834,0.4485710880819223,0.5828631066849437,0,Chill Study
Song 241,Artist 24,72.13414914929099,0.4791770140980895,0.5719377232361483,0.4348752353253624,0,Chill Study
Song 273,Artist 57,90.90563762321176,0.3869884319210787,0.6204302943143644,0.3599103004695425,0,Chill Study
Song 209,Artist 50,81.09620081909166,0.4030592197432042,0.446422194173299,0.4412123257584379,0,Chill Study
Song 225,Artist 49,84.70079242202189,0.3162642683392151,0.6180623347266826,0.4878842603458394,0,Chill Study
Song 081,Artist 19,81.83393864353495,0.4399841822219265,0.4547317526219432,0.4374990969680422,0,Chill Study
Song 137,Artist 45,82.46322147543063,0.2774060986123364,0.4345628814765531,0.52138201364824,0,Chill Study
Song 265,Artist 22,64.23612500922052,0.321542206587693,0.5828827367857391,0.5112965380474599,0,Chill Study
Song 221,Artist 18,74.97380240529553,0.3065488857147819,0.6283500048477755,0.5979274510674231,0,Chill Study
Song 156,Artist 26,81.79643987613855,0.1632725400068076,0.2176359495738666,0.32429088205171386,0,Chill Study
Song 113,Artist 30,72.56504492067366,0.5678373511022662,0.5891395844317283,0.394042771395051,0,Chill Study
Song 165,Artist 56,86.0700828194447,0.2042115205047407,0.347745830019323,0.5501745397651507,0,Chill Study
Song 105,Artist 9,68.37908883658373,0.3812937607205861,0.5133629587284708,0.4215636161959905,0,Chill Study
Song 213,Artist 50,82.77529337266796,0.2453814097874062,0.4859108162308955,0.5870540988614132,0,Chill Study
Song 073,Artist 37,85.30774691138645,0.2085163769912083,0.5439742144391619,0.3327992807405184,0,Chill Study
Song 001,Artist 6,67.60015893759504,0.4175406076225811,0.6346508244752093,0.2548964811346164,0,Chill Study
Song 293,Artist 8,66.19999221532741,0.4224113271426353,0.4892397443070885,0.4903954020735611,0,Chill Study
Song 097,Artist 13,59.690941741524696,0.4335467292411635,0.6054277283003844,0.3966099761626445,0,Chill Study
Song 197,Artist 46,87.476496098483,0.2500005589174197,0.4445225566389285,0.32429088205171386,0,Chill Study
Song 121,Artist 16,69.73770533636048,0.3722899310998048,0.5338696037095221,0.4246622431051985,0,Chill Study
Song 057,Artist 12,68.13142921571763,0.3279249938652101,0.619960381845557,0.4934766074466619,0,Chill Study
Song 189,Artist 38,81.65474472642835,0.6360968311430781,0.6266157017360311,0.3792735470048536,0,Chill Study
Song 149,Artist 34,82.82066835525525,0.5168221475051649,0.319173009236149,0.5284844036608135,0,Chill Study
Song 065,Artist 37,76.9651173193404,0.3273220359613803,0.5637306260892222,0.5971491972993157,0,Chill Study
Song 281,Artist 58,77.61461738156588,0.506568323773791,0.6054277283003844,0.5499336332474489,0,Chill Study
Song 161,Artist 33,67.77719718352671,0.3413438956769001,0.6515216971614373,0.2219262154628077,0,Chill Study
Song 053,Artist 17,71.45853559932203,0.156743987323521,0.5353600671509584,0.3437585588140437,0,Chill Study
Song 085,Artist 29,73.42300569043175,0.3597092399908729,0.6678595616374474,0.2897740458941075,0,Chill Study
Song 013,Artist 33,71.61122151756658,0.3252371973895984,0.6845447180110957,0.3634168884306756,0,Chill Study
Song 249,Artist 10,75.59562802929658,0.3591828167516516,0.5571089844706009,0.5633680478756702,0,Chill Study
Song 141,Artist 31,103.49327952607004,0.3135257661095601,0.3756845763441834,0.4189516023804056,0,Chill Study
Song 101,Artist 28,81.48775894046295,0.525591130411367,0.7369282476148378,0.4569381135132779,0,Chill Study
Song 193,Artist 28,78.83981003314454,0.2875844451884947,0.6247928671901177,0.3157824833629093,0,Chill Study
Song 061,Artist 47,81.16494261673309,0.3412442061427859,0.6054277283003844,0.6073354902475243,0,Chill Study
Song 185,Artist 39,76.82389144574879,0.4592770846035651,0.3094449010207356,0.4895933874430824,0,Chill Study
Song 292,Artist 23,80.19291490015459,0.1603223236597849,0.4109611740692427,0.6522005719271429,0,Chill Study
Song 129,Artist 48,90.47949985059432,0.3272734399127331,0.5827108904055166,0.2090078034200125,0,Chill Study
Song 098,Artist 53,139.3024758871031,0.82111450509812,0.6885101396625426,0.0610755659063594,1,High-Energy Workout
Song 194,Artist 45,145.9305625122744,0.8273613278560299,0.6458071456694595,0.1078864284647238,1,High-Energy Workout
Song 082,Artist 10,164.81455547658973,0.8130770594068693,0.5759974984438712,0.1002306191831193,1,High-Energy Workout
Song 290,Artist 46,143.38583107693185,0.775828183098992,0.5631183924672113,0.08534816268219,1,High-Energy Workout
Song 122,Artist 15,148.4081512861994,0.8983049416557949,0.5592317562251203,0.1506849640899051,1,High-Energy Workout
Song 110,Artist 48,153.6653140723723,0.8542376139799878,0.6908569021377826,0.0491326944453587,1,High-Energy Workout
Song 058,Artist 49,146.238439287699,0.8679559331935564,0.5262593772467017,0.0561826256025334,1,High-Energy Workout
Song 266,Artist 1,148.59012102555582,1.0,0.7406759693887903,0.0543345883600247,1,High-Energy Workout
Song 210,Artist 57,159.40289464883588,0.9579371774575438,0.6690448759515546,0.1686393959567952,1,High-Energy Workout
Song 154,Artist 49,164.98374440296732,0.838704355616563,0.6117703644986218,0.1114077223869799,1,High-Energy Workout
Song 002,Artist 46,136.9782049313768,0.8915056362850556,0.6215381666890776,0.0783198842495711,1,High-Energy Workout
Song 026,Artist 27,135.53942145611546,0.8864916556942483,0.6023456561842578,0.1032676211354704,1,High-Energy Workout
Song 066,Artist 46,124.33341559068704,0.8586834761941284,0.6658861179235203,0.1095993989687099,1,High-Energy Workout
Song 114,Artist 22,154.65080209500306,0.7395137482305001,0.6232408973572129,0.0899477473015738,1,High-Energy Workout
Song 078,Artist 46,155.90906322793356,0.7376565040491452,0.7828354143248158,0.1168356612700658,1,High-Energy Workout
Song 286,Artist 35,147.81970871895578,0.987425671467074,0.454644613118413,0.0,1,High-Energy Workout
Song 206,Artist 52,146.82093451371537,0.8019695269308916,0.6607303275014653,0.0228550780803262,1,High-Energy Workout
Song 214,Artist 10,145.15969868427325,1.0,0.6498272132141288,0.1208036176881266,1,High-Energy Workout
Song 014,Artist 28,159.68278354591482,0.7285417205545776,0.6198603473012803,0.0962753065105005,1,High-Energy Workout
Song 142,Artist 21,147.1377705015933,0.8629068543079969,0.5497950762270337,0.1379561142476477,1,High-Energy Workout
Song 150,Artist 20,152.7236975527424,0.8157512658367164,0.5314852810047583,0.1635807896314337,1,High-Energy Workout
Song 298,Artist 13,158.7654360408152,0.9043085890777558,0.6870774423914079,0.2659494807623311,1,High-Energy Workout
Song 050,Artist 40,152.42496791271222,0.895891602260834,0.552405073498997,0.0890489781627874,1,High-Energy Workout
Song 051,Artist 45,145.1747403753392,0.8889160150153503,0.8032080984497062,0.1712616638450824,1,High-Energy Workout
Song 262,Artist 49,130.91869586774732,0.8694807832232329,0.5601933215080377,0.071514946833799,1,High-Energy Workout
Song 282,Artist 21,150.9741341295778,0.9516200208769808,0.6097558108403048,0.0750441162448417,1,High-Energy Workout
Song 238,Artist 35,143.55632879786978,0.8745773338238841,0.5535233702938803,0.125502372034752,1,High-Energy Workout
Song 130,Artist 37,138.43652339734666,0.8535598971863083,0.5535080280715827,0.1514396482630658,1,High-Energy Workout
Song 134,Artist 3,132.2503794035787,0.9263869362610728,0.6054277283003844,0.2074447216941239,1,High-Energy Workout
Song 046,Artist 30,156.43938793276857,0.695484510907208,0.6456153438262894,0.0,1,High-Energy Workout
Song 278,Artist 12,144.69023495444284,0.9740385531208984,0.656118796344598,0.0387850621543032,1,High-Energy Workout
Song 242,Artist 37,154.32594451726152,0.8855724835311963,0.6599356153050997,0.039166683717333,1,High-Energy Workout
Song 254,Artist 49,162.88444249318252,0.8855534170645332,0.6533505052779419,0.0711203552287499,1,High-Energy Workout
Song 038,Artist 22,153.84950966105862,0.8659025892107719,0.6463313726478109,0.0145212304570609,1,High-Energy Workout
Song 270,Artist 11,141.20490371341057,1.0,0.6767759964066999,0.1686759054404738,1,High-Energy Workout
Song 294,Artist 25,112.99563104809225,1.0,0.6317352250692168,0.1176044369622611,1,High-Energy Workout
Song 302,Artist 57,147.47118553682168,0.9306045584723044,0.533730595859148,0.1152627203917172,1,High-Energy Workout
Song 054,Artist 49,144.70560572633926,0.801082529964917,0.6415163701172699,0.0,1,High-Energy Workout
Song 070,Artist 18,154.39086678929576,1.0,0.6895093842864469,0.1627988176797059,1,High-Energy Workout
Song 102,Artist 30,151.60190593317074,0.9768616141719748,0.5738905070509388,0.1133070372618255,1,High-Energy Workout
Song 022,Artist 27,135.52887527576914,0.7609570348881038,0.5602477855158666,0.1199774226723436,1,High-Energy Workout
Song 030,Artist 7,136.23313852443692,0.9371635852132963,0.6299999572611105,0.0,1,High-Energy Workout
Song 314,Artist 58,144.19348597254415,0.9425203550465568,0.67303161650938,0.145174814140304,1,High-Energy Workout
Song 166,Artist 12,161.87725093261938,0.7881439282437996,0.4826148134108934,0.08990348210072,1,High-Energy Workout
Song 222,Artist 53,167.94370054600358,0.9983327084355316,0.6401239236532835,0.1152720163026343,1,High-Energy Workout
Song 318,Artist 26,153.90530596319516,1.0,0.6054277283003844,0.0,1,High-Energy Workout
Song 034,Artist 20,151.57048567445344,0.865722864666518,0.5567911622456769,0.0,1,High-Energy Workout
Song 198,Artist 54,152.88916667168706,0.99204526407818,0.611179450558444,0.0,1,High-Energy Workout
Song 170,Artist 59,154.42545624204053,0.99246987403394,0.707183402857515,0.1540014236304335,1,High-Energy Workout
Song 274,Artist 45,155.2395095419267,0.9455842810666912,0.5981017436989676,0.1359540370616166,1,High-Energy Workout
Song 306,Artist 19,162.45634960171873,0.9663631473175066,0.5136720701785815,0.1629121071066053,1,High-Energy Workout
Song 190,Artist 24,159.6899787027586,0.8474350716624093,0.6059224835388912,0.1708601359892111,1,High-Energy Workout
Song 230,Artist 32,149.95367027775654,0.9740979047310712,0.756887095344901,0.1002775048252367,1,High-Energy Workout
Song 258,Artist 11,144.38516973217116,0.9428035155100004,0.6599551810320811,0.0801339846754486,1,High-Energy Workout
Song 310,Artist 29,162.48757772410505,0.5168221475051649,0.6802760844820885,0.0,1,High-Energy Workout
Song 246,Artist 59,162.4195999681381,0.9817089384764064,0.7052689259401361,0.1398347047074883,1,High-Energy Workout
Song 106,Artist 14,151.8532564941538,0.9357254005277854,0.6194667364504386,0.1863851532734358,1,High-Energy Workout
Song 178,Artist 3,148.77315362504874,0.9696131247309931,0.7453301365006689,0.1825836842885239,1,High-Energy Workout
Song 174,Artist 53,153.9699130449884,0.8854347335581976,0.5327613094848982,0.0748802888183403,1,High-Energy Workout
Song 146,Artist 24,138.96259302217993,0.9328533250122512,0.6787460237412106,0.0,1,High-Energy Workout
Song 042,Artist 19,165.35755991995993,0.8964910993499715,0.539797787145155,0.0,1,High-Energy Workout
Song 090,Artist 6,151.9677609665696,0.9538475627875675,0.6145632944997885,0.1321167255732112,1,High-Energy Workout
Song 234,Artist 33,144.62337423096977,0.9288335016962764,0.5639937349338742,0.32429088205171386,1,High-Energy Workout
Song 086,Artist 35,137.4835278589386,0.7358849856593032,0.5785277338977118,0.1239636606016993,1,High-Energy Workout
Song 018,Artist 4,151.58539691076714,0.9363031354570605,0.6221588114251786,0.1256775237557411,1,High-Energy Workout
Song 267,Artist 29,139.33793485188187,0.8964436140704723,0.7694800107259753,0.1073466888842849,1,High-Energy Workout
Song 006,Artist 49,148.454705179312,0.5168221475051649,0.6183079804560594,0.1332309185553348,1,High-Energy Workout
Song 186,Artist 23,165.61438201803574,0.7784997311597457,0.6158174139389094,0.0047108082771379,1,High-Energy Workout
Song 094,Artist 55,163.53585889569396,0.8882913992590699,0.5746341598555285,0.0205599647801264,1,High-Energy Workout
Song 118,Artist 59,151.3148581680545,0.9032405940990426,0.7908246219502915,0.0438229522555828,1,High-Energy Workout
Song 074,Artist 43,144.81720157633725,1.0,0.7073780429807927,0.0101069571421253,1,High-Energy Workout
Song 218,Artist 8,140.0028777133062,0.7862571130640855,0.7494211293862277,0.0387663127795269,1,High-Energy Workout
Song 250,Artist 29,146.38729574996557,0.9116831024622633,0.5610235565508854,0.1250317278043813,1,High-Energy Workout
Song 182,Artist 25,144.9604225858939,0.8234740524647164,0.6780307550873096,0.0398007419870795,1,High-Energy Workout
Song 202,Artist 18,165.8827610714926,0.8240013299234754,0.8354268353471671,0.05745685507719,1,High-Energy Workout
Song 062,Artist 51,153.858465525565,0.8113248511274709,0.5498829675214925,0.1991142953088865,1,High-Energy Workout
Song 126,Artist 21,142.34464722570286,0.9610166107617968,0.7165471405070853,0.0640351692577983,1,High-Energy Workout
Song 226,Artist 6,137.65186913088522,1.0,0.6049329730618775,0.0,1,High-Energy Workout
Song 010,Artist 8,112.99563104809225,0.8201041263440175,0.6708945190760048,0.0916685809140728,3,Party / Dance
Song 175,Artist 55,137.9756116664464,0.8004791995662068,0.8810300895182319,0.2248787309801083,3,Party / Dance
Song 227,Artist 45,109.78954839321678,0.724695598679178,0.8553534545008387,0.1663168032359407,3,Party / Dance
Song 071,Artist 33,120.66545815859205,0.6572318559029751,0.9690625541135368,0.0821696376885134,3,Party / Dance
Song 027,Artist 19,136.01778891320916,0.6984579935274278,0.7878852256640322,0.2179275634956316,3,Party / Dance
Song 103,Artist 24,123.13908211457552,0.6449968074645535,0.7369389256021928,0.0,3,Party / Dance
Song 063,Artist 7,124.80143403391612,0.5629872611723227,0.9634694633402364,0.2454420338214363,3,Party / Dance
Song 123,Artist 52,123.850379376561,0.7700880098476136,0.9066776200727794,0.4035073302731067,3,Party / Dance
Song 031,Artist 25,123.13513847450196,0.7954313911104942,1.0,0.491386246600733,3,Party / Dance
Song 111,Artist 44,101.68593915784876,0.6897953368693218,0.7008269204388402,0.0504939169772795,3,Party / Dance
Song 243,Artist 27,104.5637479747792,0.7787920394953104,0.8550969918922858,0.1403911100343833,3,Party / Dance
Song 155,Artist 56,112.99563104809225,0.5173400438442858,0.8055965457774795,0.1217583666038554,3,Party / Dance
Song 059,Artist 42,122.32169889626256,0.6700205503062885,0.9224384670290624,0.3012715817819829,3,Party / Dance
Song 287,Artist 12,120.60468448117368,0.5168221475051649,0.7606243507013306,0.1976766289149634,3,Party / Dance
Song 319,Artist 10,129.21150746394792,0.7789193575603007,0.9470949015872484,0.1729071869842192,3,Party / Dance
Song 215,Artist 49,121.3102711619342,0.6297890417378279,0.8701245293475139,0.1964389263809909,3,Party / Dance
Song 091,Artist 54,118.8245783267187,0.5168221475051649,0.700624566605126,0.0703527671925239,3,Party / Dance
Song 179,Artist 50,111.54954672030848,0.6224671055377745,0.9110144414275322,0.2379280034365163,3,Party / Dance
Song 163,Artist 15,108.59839080873768,0.6192417712256526,0.920303234505044,0.2058274330935446,3,Party / Dance
Song 255,Artist 32,137.1879500304986,0.5112350345923904,0.6998608830005189,0.32429088205171386,3,Party / Dance
Song 019,Artist 19,116.36946153434928,0.6856435895401504,0.7723744318969864,0.2486972480785582,3,Party / Dance
Song 147,Artist 57,132.125188368316,0.6908587466142059,0.7277233615747213,0.32429088205171386,3,Party / Dance
Song 162,Artist 47,135.03361310096673,0.7969402202294259,0.7815060980048296,0.1082586982919296,3,Party / Dance
Song 087,Artist 31,122.76274179328554,0.592851070449687,0.672090690703062,0.2054353585390382,3,Party / Dance
Song 247,Artist 22,109.02662325452955,0.7830650841173626,0.7579767425986101,0.1205400544874945,3,Party / Dance
Song 023,Artist 30,116.21837445960612,0.8369305468007459,0.8479362426044716,0.2737515568467086,3,Party / Dance
Song 187,Artist 51,116.7373799497696,0.8484736755316054,1.0,0.1664060774959852,3,Party / Dance
Song 219,Artist 39,124.43812709383104,0.7617032825429418,0.7422356268468964,0.2229481715463606,3,Party / Dance
Song 299,Artist 15,126.5788801043318,0.9639670974496491,0.8607575897718558,0.1202117236381505,3,Party / Dance
Song 251,Artist 14,112.50186661715485,0.6987753574042632,0.8634241828136301,0.1729844870662903,3,Party / Dance
Song 139,Artist 27,122.689134476786,0.6642300659284247,0.9224022664059937,0.1466547652835275,3,Party / Dance
Song 055,Artist 17,141.29247112028298,0.6041319676853372,0.7812892979390824,0.3836913528321314,3,Party / Dance
Song 079,Artist 43,114.29056338478206,0.7932387320969589,0.9761624400390134,0.2232878020137168,3,Party / Dance
Song 211,Artist 55,132.0030625825932,0.74604232412614,0.8479871515986069,0.2335841256933024,3,Party / Dance
Song 011,Artist 53,128.7142877794819,0.7401235993897214,0.9411022206764704,0.2067579069488891,3,Party / Dance
Song 138,Artist 43,112.99563104809225,0.8247420878746392,0.7806060964118958,0.0359347578430257,3,Party / Dance
Song 135,Artist 14,113.63384716897764,0.7687018449724078,0.9486633834103244,0.2448099363936203,3,Party / Dance
Song 235,Artist 2,117.95931415561152,0.7298682979116607,1.0,0.0622684344479632,3,Party / Dance
Song 143,Artist 40,105.05594380180692,0.7829277058525399,0.6054277283003844,0.217196033243706,3,Party / Dance
Song 203,Artist 43,120.69919580994824,0.6231379319713108,0.812341973696785,0.2397033300015491,3,Party / Dance
Song 095,Artist 48,111.11866146266348,0.6877784980733014,0.9523226517440742,0.3720769831165984,3,Party / Dance
Song 115,Artist 20,127.9080612169008,0.7510180703612447,0.9401493416297196,0.131162771776924,3,Party / Dance
Song 259,Artist 57,95.49127871459912,0.5924084246856387,0.7731636616263067,0.1636739352431194,3,Party / Dance
Song 083,Artist 37,120.1142605556066,0.839606453139329,0.9571114584309874,0.2841820066890062,3,Party / Dance
Song 291,Artist 35,94.53831865177136,0.7752843394521357,0.9478469562940314,0.1748897411963087,3,Party / Dance
Song 271,Artist 25,118.14043322813951,0.655780141676668,0.6054277283003844,0.0621990723152133,3,Party / Dance
Song 131,Artist 30,108.233852805707,0.6446282936323326,0.9011903531478938,0.3611116148499621,3,Party / Dance
Song 231,Artist 26,124.85161112545738,0.6724874126408118,0.8798746613700986,0.2986136316960768,3,Party / Dance
Song 099,Artist 52,123.61921853928844,0.838859548997535,0.8491492464222059,0.0523142183154268,3,Party / Dance
Song 223,Artist 9,121.21177949299462,0.731768776912039,0.9541377818688564,0.1940717353974068,3,Party / Dance
Song 183,Artist 10,122.73204022852124,0.6174513899017583,0.8366882988521129,0.3437776939916462,3,Party / Dance
Song 119,Artist 19,115.51435791971646,0.7607100555578824,0.7390816835037537,0.2637470902651121,3,Party / Dance
Song 195,Artist 1,127.24282677456227,0.7256702131501229,0.709724837201928,0.0041408559602968,3,Party / Dance
Song 171,Artist 49,123.40791408002106,0.5594749983257234,0.8875258969669502,0.32429088205171386,3,Party / Dance
Song 239,Artist 8,119.22643820179144,0.7022802871166481,0.7796844733238866,0.1770707346447692,3,Party / Dance
Song 263,Artist 7,112.38025541689744,0.7333764385772548,0.9129588638005544,0.2417471958742014,3,Party / Dance
Song 158,Artist 19,140.24041183885095,0.5168221475051649,0.7002694063346802,0.0578463884269199,3,Party / Dance
Song 067,Artist 4,102.43278217521416,0.7495195935342699,1.0,0.0466138595083862,3,Party / Dance
Song 151,Artist 11,143.82602282684073,0.7578169738852444,0.9148932827135814,0.1833072069891435,3,Party / Dance
Song 167,Artist 17,137.97594522434315,0.7664667814891306,0.8465454973072875,0.1106869378415137,3,Party / Dance
Song 303,Artist 1,124.6617766219731,0.6861409106594881,0.8343605247614583,0.158966002665489,3,Party / Dance
Song 043,Artist 2,137.23665720783296,0.7038432708045659,0.8455131410977611,0.3461444292242202,3,Party / Dance
Song 075,Artist 55,120.3278209287626,0.6105095865556984,0.8195973750343077,0.2312009471551244,3,Party / Dance
Song 191,Artist 20,122.78575914511806,0.5168221475051649,0.9102924813944892,0.2424965897436149,3,Party / Dance
Song 039,Artist 11,115.4501651965922,0.6096954812609476,0.7649856183112342,0.2172587917722119,3,Party / Dance
Song 315,Artist 39,112.99563104809225,0.6823036130467466,1.0,0.0432069583569501,3,Party / Dance
Song 275,Artist 55,114.50447378869916,0.6189508410956104,0.7734284501291555,0.2086505541921461,3,Party / Dance
Song 035,Artist 40,119.4621744918168,0.8791136922221894,0.8917247069325598,0.2982739511023057,3,Party / Dance
Song 127,Artist 36,125.484279208298,0.7369176228737494,0.7496685466526457,0.1932019744015595,3,Party / Dance
Song 295,Artist 30,131.90413563293745,0.6515542036735772,0.8295321252321028,0.1977752205150789,3,Party / Dance
Song 007,Artist 30,124.12732611595987,0.7587738902707094,1.0,0.1593584983615384,3,Party / Dance
Song 199,Artist 49,111.66963277203988,0.5168221475051649,0.8432450235470746,0.2038581122980917,3,Party / Dance
Song 003,Artist 50,128.7939797486283,0.7900012741886053,0.8859427627805094,0.3127241206968033,3,Party / Dance
Song 283,Artist 32,111.63942885154214,0.7795873381123577,0.9385224105020528,0.2593554694905566,3,Party / Dance
Song 207,Artist 20,138.8217488020405,0.704725218322166,0.9172413085471192,0.1767730670075765,3,Party / Dance
Song 015,Artist 34,127.11226579792854,0.7914012511679932,0.8486147434976407,0.32429088205171386,3,Party / Dance
Song 107,Artist 12,120.06339062362268,0.9537906353936249,0.9000771768362748,0.3433214506606172,3,Party / Dance
Song 279,Artist 48,118.28435489783652,0.5796555088224952,0.9670569312258496,0.3516792657139248,3,Party / Dance
Song 311,Artist 12,134.77393634170036,0.6711697961899358,0.9215991240109562,0.0128781883939012,3,Party / Dance
Song 047,Artist 46,111.21847633071248,0.6899288903369268,0.9624312288120412,0.0673607282260436,3,Party / Dance
Song 159,Artist 14,112.99563104809225,0.7831497283280611,0.7868429697363424,0.1987915349211732,3,Party / Dance
Song 307,Artist 37,103.94728752867432,0.7178132354606266,0.9128081040129936,0.255607527382315,3,Party / Dance
